mesaj,departman
Sokak aralarında çöp yığınları oluştu.,Temizlik ve Çöp
Birisi boş arsaya moloz dökmüş.,Temizlik ve Çöp
Çimlere ilaçlama ne zaman yapılacak?,Park ve Bahçeler
Kafeterya hijyen kurallarına uymuyor.,Zabıta
Otobüs güzergâhı neden değişti?,Ulaşım ve Trafik
Lağım kokusu bütün sokağı sardı.,Su ve Kanalizasyon
İş yeri tabelası yaya yolunu kapatıyor.,Zabıta
Evimizin önüne fidan dikmek istiyoruz.,Park ve Bahçeler
Komşu iş yeri çok yüksek sesle müzik çalıyor.,Zabıta
Sokağımıza yeni bir çöp konteyneri konulmasını istiyorum.,Temizlik ve Çöp
Gece boyunca borulardan tıkırtı sesi geliyor ve su kesik kesik akıyor.,Su ve Kanalizasyon
42 numaralı otobüs yarım saattir gelmiyor.,Ulaşım ve Trafik
"Minibüsler çok kalabalık, sefer sayısı artırılmalı.",Ulaşım ve Trafik
Yeni aldığım daireye su aboneliği açtırmak istiyorum.,Su ve Kanalizasyon
Terk edilmiş bir araç aylardır sokakta duruyor.,Zabıta
Otobüs şoförü durakta durmadan geçti.,Ulaşım ve Trafik
"Mazgallar tıkalı, yağmur suyu yolda birikiyor.",Su ve Kanalizasyon
"Parktaki aydınlatmalar yanmıyor, akşam karanlık oluyor.",Park ve Bahçeler
Çöpler üç gündür toplanmadı.,Temizlik ve Çöp
Yol çalışmasında su borusu zarar görmüş.,Su ve Kanalizasyon
Asfalt çalışması ne zaman bitecek?,Ulaşım ve Trafik
Musluktan çamurlu su geliyor.,Su ve Kanalizasyon
Apartmanın ana gider hattı tıkanmış.,Su ve Kanalizasyon
Bir restoranda fiyat listesi asılı değil.,Zabıta
Evin önündeki kanalizasyon kapağı yerinden çıkmış.,Su ve Kanalizasyon
Gıda satan bir büfede soğuk zincire uyulmuyor.,Zabıta
Durağın tabelası yıkılmış.,Ulaşım ve Trafik
Atık pil toplama kutusu nerede var?,Temizlik ve Çöp
Parkın içindeki yürüyüş yolu bozuk.,Park ve Bahçeler
Pastane etiketteki fiyattan fazla ücret aldı.,Zabıta
Mahallemize yeni bir park yapılmasını istiyoruz.,Park ve Bahçeler
Engelli rampası olmayan otobüsler hâlâ çalışıyor.,Ulaşım ve Trafik
Çöp kamyonu sabahın beşinde çok gürültü yapıyor.,Temizlik ve Çöp
Gece otobüs seferi eklenmesini talep ediyorum.,Ulaşım ve Trafik
Apartmanın önüne bırakılan çöp poşetlerini kimse almıyor.,Temizlik ve Çöp
"Yolda büyük bir çukur var, araçlar zarar görüyor.",Ulaşım ve Trafik
Çöp konteynerleri yolun ortasına sürüklenmiş.,Temizlik ve Çöp
"Konteynerin kapağı kırık, kediler çöpleri etrafa saçıyor.",Temizlik ve Çöp
Çöp toplama saatleri değişti mi?,Temizlik ve Çöp
Refüjdeki çiçekler kurumuş.,Park ve Bahçeler
Mahalledeki parkın çimleri hiç biçilmiyor.,Park ve Bahçeler
Mahallede izinsiz hurdacılık yapılıyor.,Zabıta
"Ağaçların budanma zamanı geldi, dallar camlarımıza vuruyor.",Park ve Bahçeler
"Tramvay hattında arıza var, seferler durdu.",Ulaşım ve Trafik
"Kavşaktaki trafik ışığı bozuk, sürekli kırmızı yanıyor.",Ulaşım ve Trafik
"Su sayacım bozuk, sürekli dönüyor.",Su ve Kanalizasyon
Köpek parkı yapılması mümkün mü?,Park ve Bahçeler
Bir dükkân kapısının önüne sürekli mal yığıyor.,Zabıta
"Cadde süpürülmüyor, yapraklar birikmiş.",Temizlik ve Çöp
Kaldırımı işgal eden seyyar satıcılar yürümeyi engelliyor.,Zabıta
"Konteyner çok kötü kokuyor, yıkanması gerekiyor.",Temizlik ve Çöp
"Kaldırımda kırık cam şişeler var, çocuklar için tehlikeli.",Temizlik ve Çöp
Planlı bir kesinti olacaksa önceden haber verebilir misiniz?,Su ve Kanalizasyon
Mahalledeki market son kullanma tarihi geçmiş ürün satıyor.,Zabıta
"Sokağımızdaki rögar taşmış, her yer pis su oldu.",Su ve Kanalizasyon
Fırın ekmeği eksik gramajla satıyor.,Zabıta
"Parkın çevre çiti kırılmış, çocuklar yola çıkabiliyor.",Park ve Bahçeler
Ruhsatsız bir iş yeri açılmış.,Zabıta
Su faturam bu ay çok yüksek geldi.,Su ve Kanalizasyon
Bayram sonrası kurban atıkları sokağa bırakılmış.,Temizlik ve Çöp
Kasap etiketsiz et satıyor.,Zabıta
Çeşmeden gelen suyun tadı ve kokusu değişti.,Su ve Kanalizasyon
Sokağımıza hız kesici konulabilir mi?,Ulaşım ve Trafik
"Kaldırımın altından su fışkırıyor, boru patlamış olmalı.",Su ve Kanalizasyon
Konteynerin yanına bırakılan eski buzdolabı haftalardır duruyor.,Temizlik ve Çöp
Sokakta dilenciler rahatsız ediyor.,Zabıta
Elektronik atıklarımı nereye bırakabilirim?,Temizlik ve Çöp
Parktaki bankların boyası dökülmüş.,Park ve Bahçeler
Sokaktaki ağacın dalı elektrik tellerine değiyor.,Park ve Bahçeler
Tek yön trafik levhası ters yöne dönmüş.,Ulaşım ve Trafik
Parkın tuvaletleri kilitli duruyor.,Park ve Bahçeler
"Eski koltuğumu atmak istiyorum, büyük eşya alımı yapıyor musunuz?",Temizlik ve Çöp
Bisiklet yolu ne zaman yapılacak?,Ulaşım ve Trafik
Parkta spor aletlerinden biri çalışmıyor.,Park ve Bahçeler
Fırtınada bir ağaç devrildi.,Park ve Bahçeler
"Gece yarısı inşaat çalışması yapılıyor, uyuyamıyoruz.",Zabıta
"Parktaki salıncak kırılmış, çocuklar yaralanabilir.",Park ve Bahçeler
"Suyun rengi kahverengi, içmek güvenli mi?",Su ve Kanalizasyon
Su kesintisi ne zaman bitecek?,Su ve Kanalizasyon
Köprü üzerindeki trafik her sabah kilitleniyor.,Ulaşım ve Trafik
Mesire alanındaki mangal yerleri yıkılmış.,Park ve Bahçeler
Mahallemizde iki gündür sular akmıyor.,Su ve Kanalizasyon
Metro seferleri gece kaçta bitiyor?,Ulaşım ve Trafik
"Suyun basıncı çok düşük, üst katlara çıkmıyor.",Su ve Kanalizasyon
"Yol çizgileri silinmiş, gece hiçbir şey görünmüyor.",Ulaşım ve Trafik
Yasak saatlerde yüksek sesle kaynak yapılıyor.,Zabıta
Sokak yıkama aracı bizim mahalleye hiç gelmiyor.,Temizlik ve Çöp
Yağmurdan sonra bodrum katımızı su bastı.,Su ve Kanalizasyon
Okulun önüne yaya geçidi çizilmesini istiyoruz.,Ulaşım ve Trafik
Parktaki kamelyanın çatısı akıyor.,Park ve Bahçeler
Apartman girişine izinsiz afiş asılmış.,Zabıta
"Bahçemizde sürekli ıslak bir alan var, altta sızıntı olabilir.",Su ve Kanalizasyon
Otopark ücretleri çok yüksek.,Ulaşım ve Trafik
Pazarda terazisi hileli bir satıcı var.,Zabıta
Pazar yerinden sonra sokak çok kirli kaldı.,Temizlik ve Çöp
Dükkân sahibi masaları tamamen kaldırıma dizmiş.,Zabıta
"Kurumuş bir ağaç her an devrilebilir, kesilmesi lazım.",Park ve Bahçeler
Geri dönüşüm kutuları hep dolu.,Temizlik ve Çöp
Çocuk oyun alanındaki kum havuzu çok kirli.,Park ve Bahçeler
Kentkartıma bakiye yükledim ama görünmüyor.,Ulaşım ve Trafik
